    i,  t(s),    U(V),    I(A), Tself, Tprob
    0,    99, 19.3307,  0.0000,  20.8, 807.8
    1,    99, 19.3307,  0.0000,  20.8, 807.8
    2,   100, 19.3305,  0.0000,  20.8, 807.8
    3,   100, 19.3307,  0.0000,  20.8, 807.8
    4,   100, 19.3305,  0.0000,  20.8, 807.8
    5,   101, 19.3305,  0.0000,  20.8, 807.8
    6,   101, 19.3307,  0.0000,  20.8, 807.8
    7,   101, 19.3307,  0.0000,  20.8, 807.8
    8,   102, 19.3307,  0.0000,  20.8, 807.8
    9,   102, 19.3307,  0.0000,  20.8, 807.8
   10,   102, 19.3305,  0.0000,  20.8, 807.8
   11,   103, 19.3307,  0.0000,  20.8, 807.8
   12,   103, 19.3305,  0.0000,  20.8, 807.8
   13,   103, 19.3305,  0.0000,  20.8, 807.8
   14,   104, 19.3305,  0.0000,  20.8, 807.8
   15,   104, 19.3307,  0.0000,  20.8, 807.8
   16,   104, 19.3305,  0.0000,  20.8, 807.8
   17,   105, 19.3305,  0.0000,  20.8, 807.8
   18,   105, 19.3307,  0.0000,  20.8, 807.8
   19,   105, 19.3307,  0.0000,  20.8, 807.8
   20,   106, 19.3290,  0.0081,  20.8, 807.8
   21,   106, 19.3287,  0.0098,  20.8, 807.8
   22,   106, 19.3285,  0.0107,  20.8, 807.8
   23,   107, 19.3283,  0.0108,  20.8, 807.8
   24,   107, 19.3285,  0.0107,  20.8, 807.8
   25,   107, 19.3283,  0.0107,  20.8, 807.8
   26,   108, 19.3287,  0.0100,  20.8, 807.8
   27,   108, 19.3285,  0.0103,  20.8, 807.8
   28,   108, 19.3283,  0.0107,  20.8, 807.8
   29,   109, 19.3283,  0.0107,  20.8, 807.8
   30,   109, 19.3285,  0.0107,  20.8, 807.8
   31,   109, 19.3283,  0.0107,  20.8, 807.8
   32,   110, 19.3283,  0.0107,  20.8, 807.8
   33,   110, 19.3283,  0.0107,  20.8, 807.8
   34,   110, 19.3285,  0.0100,  20.8, 807.8
   35,   111, 19.3285,  0.0103,  20.8, 807.8
   36,   111, 19.3283,  0.0107,  20.8, 807.8
   37,   111, 19.3283,  0.0107,  20.8, 807.8
   38,   112, 19.3283,  0.0107,  20.8, 807.8
   39,   112, 19.3283,  0.0107,  20.8, 807.8
   40,   112, 19.3285,  0.0107,  20.8, 807.8
   41,   113, 19.3283,  0.0107,  20.9, 807.9
   42,   113, 19.3285,  0.0100,  20.9, 807.9
   43,   113, 19.3285,  0.0103,  20.9, 807.9
   44,   114, 19.3283,  0.0107,  20.8, 807.8
   45,   114, 19.3283,  0.0107,  20.8, 807.8
   46,   114, 19.3283,  0.0107,  20.8, 807.8
   47,   115, 19.3283,  0.0107,  20.8, 807.8
   48,   115, 19.3283,  0.0107,  20.8, 807.8
   49,   115, 19.3283,  0.0107,  20.8, 807.8
   50,   116, 19.3285,  0.0100,  20.8, 807.8
   51,   116, 19.3285,  0.0103,  20.8, 807.8
   52,   116, 19.3283,  0.0107,  20.8, 807.8
   53,   117, 19.3285,  0.0107,  20.9, 807.9
   54,   117, 19.3285,  0.0107,  20.9, 807.9
   55,   117, 19.3285,  0.0107,  20.9, 807.9
   56,   118, 19.3283,  0.0107,  20.8, 807.8
   57,   118, 19.3283,  0.0107,  20.8, 807.8
   58,   118, 19.3285,  0.0100,  20.8, 807.8
   59,   119, 19.3285,  0.0102,  20.8, 807.8
   60,   119, 19.3285,  0.0107,  20.8, 807.8
   61,   119, 19.3285,  0.0107,  20.8, 807.8
   62,   120, 19.3287,  0.0107,  20.8, 807.8
   63,   120, 19.3285,  0.0107,  20.8, 807.8
   64,   120, 19.3287,  0.0107,  20.8, 807.8
   65,   121, 19.3283,  0.0107,  20.8, 807.8
   66,   121, 19.3285,  0.0100,  20.8, 807.8
   67,   121, 19.3285,  0.0102,  20.8, 807.8
   68,   122, 19.3285,  0.0107,  20.8, 807.8
   69,   122, 19.1018,  0.9057,  20.8, 807.8
   70,   122, 18.7908,  2.1247,  20.8, 807.8
   71,   123, 18.7946,  2.1259,  20.9, 807.9
   72,   123, 18.7916,  2.1253,  20.9, 807.9
   73,   123, 18.7922,  2.1260,  20.9, 807.9
   74,   124, 18.7896,  2.1396,  20.8, 807.8
   75,   124, 18.7914,  2.1261,  20.8, 807.8
   76,   124, 18.7962,  2.1261,  20.8, 807.8
   77,   125, 18.7968,  2.1262,  20.9, 807.9
   78,   125, 18.7978,  2.1260,  20.9, 807.9
   79,   125, 18.7986,  2.1262,  20.9, 807.9
   80,   126, 18.7994,  2.1256,  20.8, 807.8
   81,   126, 18.8000,  2.1253,  20.8, 807.8
   82,   126, 18.8004,  2.1254,  20.8, 807.8
   83,   127, 18.7970,  2.1386,  20.8, 807.8
   84,   127, 18.7978,  2.1247,  20.8, 807.8
   85,   127, 18.8026,  2.1244,  20.8, 807.8
   86,   128, 18.8028,  2.1248,  20.9, 807.9
   87,   128, 18.8036,  2.1243,  20.9, 807.9
   88,   128, 18.8042,  2.1243,  20.9, 807.9
   89,   129, 18.8050,  2.1240,  20.9, 807.9
   90,   129, 18.8054,  2.1242,  20.9, 807.9
   91,   129, 18.8058,  2.1235,  20.9, 807.9
   92,   130, 18.8028,  2.1371,  20.8, 807.8
   93,   130, 18.8034,  2.1283,  20.8, 807.8
   94,   130, 18.8076,  2.1228,  20.8, 807.8
   95,   131, 18.8078,  2.1230,  20.8, 807.8
   96,   131, 18.8085,  2.1224,  20.8, 807.8
   97,   131, 18.8092,  2.1226,  20.8, 807.8
   98,   132, 18.8104,  2.1219,  20.8, 807.8
   99,   132, 18.8109,  2.1218,  20.8, 807.8
  100,   132, 18.8114,  2.1215,  20.8, 807.8
  101,   133, 18.8082,  2.1353,  20.9, 807.9
  102,   133, 18.8092,  2.1343,  20.9, 807.9
  103,   133, 18.8127,  2.1214,  20.9, 807.9
  104,   134, 18.8133,  2.1212,  20.9, 807.9
  105,   134, 18.8135,  2.1210,  20.9, 807.9
  106,   134, 18.9108,  1.7302,  20.9, 807.9
  107,   135, 18.9078,  1.7435,  20.9, 807.9
  108,   135, 18.8916,  1.8022,  20.9, 807.9
  109,   135, 18.8892,  1.7976,  20.9, 807.9
  110,   136, 19.3293,  0.0104,  20.9, 807.9
  111,   136, 19.3293,  0.0104,  20.9, 807.9
  112,   136, 19.2743,  0.2530,  20.9, 807.9
  113,   137, 19.2371,  0.3900,  20.8, 807.8
  114,   137, 19.2305,  0.4127,  20.8, 807.8
  115,   137, 19.2237,  0.4422,  20.8, 807.8
  116,   138, 19.2184,  0.4626,  20.8, 807.8
  117,   138, 19.2156,  0.4734,  20.8, 807.8
  118,   138, 19.2134,  0.4819,  20.8, 807.8
  119,   139, 19.2642,  0.2794,  20.9, 807.9
  120,   139, 19.3281,  0.0102,  20.9, 807.9
  121,   139, 19.2758,  0.2448,  20.9, 807.9
  122,   140, 19.2220,  0.4477,  20.9, 807.9
  123,   140, 19.2237,  0.4365,  20.9, 807.9
  124,   140, 19.2255,  0.4302,  20.9, 807.9
  125,   141, 19.2295,  0.4142,  20.9, 807.9
  126,   141, 19.2321,  0.4033,  20.9, 807.9
  127,   141, 19.2371,  0.3830,  20.9, 807.9
  128,   142, 19.2895,  0.1749,  20.9, 807.9
  129,   142, 19.3290,  0.0103,  20.9, 807.9
  130,   142, 19.2777,  0.2367,  20.9, 807.9
  131,   143, 19.2548,  0.3114,  20.9, 807.9
  132,   143, 19.2564,  0.3050,  20.9, 807.9
  133,   143, 19.2578,  0.2987,  20.9, 807.9
  134,   144, 19.2594,  0.2923,  20.9, 807.9
  135,   144, 19.2588,  0.2935,  20.9, 807.9
  136,   144, 19.2584,  0.2958,  20.9, 807.9
  137,   145, 19.3058,  0.1083,  20.8, 807.8
  138,   145, 19.3287,  0.0102,  20.8, 807.8
  139,   145, 19.2797,  0.2263,  20.8, 807.8
  140,   146, 19.2525,  0.3198,  20.9, 807.9
  141,   146, 19.2504,  0.3275,  20.9, 807.9
  142,   146, 19.2482,  0.3361,  20.9, 807.9
  143,   147, 19.2461,  0.3456,  20.9, 807.9
  144,   147, 19.2435,  0.3560,  20.9, 807.9
  145,   147, 19.2425,  0.3596,  20.9, 807.9
  146,   148, 19.2829,  0.1993,  20.9, 807.9
  147,   148, 19.3285,  0.0102,  20.9, 807.9
  148,   148, 19.2827,  0.2146,  20.9, 807.9
  149,   149, 19.2341,  0.3977,  20.9, 807.9
  150,   149, 19.2295,  0.4108,  20.9, 807.9
  151,   149, 19.2301,  0.4095,  20.9, 807.9
  152,   150, 19.2287,  0.4150,  20.9, 807.9
  153,   150, 19.2273,  0.4204,  20.9, 807.9
  154,   150, 19.2259,  0.4258,  20.9, 807.9
  155,   151, 19.2670,  0.2649,  20.9, 807.9
  156,   151, 19.3273,  0.0103,  20.9, 807.9
  157,   151, 19.2857,  0.2023,  20.9, 807.9
  158,   152, 19.2265,  0.4244,  20.9, 807.9
  159,   152, 19.2277,  0.4194,  20.9, 807.9
  160,   152, 19.2277,  0.4214,  20.9, 807.9
  161,   153, 19.2285,  0.4154,  20.9, 807.9
  162,   153, 19.2305,  0.4088,  20.9, 807.9
  163,   153, 19.2305,  0.4088,  20.9, 807.9
  164,   154, 19.2680,  0.2613,  20.9, 807.9
  165,   154, 19.3275,  0.0103,  20.9, 807.9
  166,   154, 19.2885,  0.1902,  20.9, 807.9
  167,   155, 19.2383,  0.3813,  20.9, 807.9
  168,   155, 19.2379,  0.3786,  20.9, 807.9
  169,   155, 19.2387,  0.3760,  20.9, 807.9
  170,   156, 19.2391,  0.3732,  20.9, 807.9
  171,   156, 19.2437,  0.3551,  20.9, 807.9
  172,   156, 19.2446,  0.3505,  20.9, 807.9
  173,   157, 19.2797,  0.2117,  20.9, 807.9
  174,   157, 19.3279,  0.0105,  20.9, 807.9
  175,   157, 19.2915,  0.1773,  20.9, 807.9
  176,   158, 19.2468,  0.3454,  20.9, 807.9
  177,   158, 19.2464,  0.3425,  20.9, 807.9
  178,   158, 19.2457,  0.3475,  20.9, 807.9
  179,   159, 19.2461,  0.3457,  20.9, 807.9
  180,   159, 19.2464,  0.3439,  20.9, 807.9
  181,   159, 19.2466,  0.3421,  20.9, 807.9
  182,   160, 19.2777,  0.2206,  20.9, 807.9
  183,   160, 19.3277,  0.0104,  20.9, 807.9
  184,   160, 19.2952,  0.1623,  20.9, 807.9
  185,   161, 19.2501,  0.3333,  20.9, 807.9
  186,   161, 19.2492,  0.3314,  20.9, 807.9
  187,   161, 19.2479,  0.3373,  20.9, 807.9
  188,   162, 19.2482,  0.3365,  20.9, 807.9
  189,   162, 19.2484,  0.3356,  20.9, 807.9
  190,   162, 19.2486,  0.3345,  20.9, 807.9
  191,   163, 19.2758,  0.2289,  20.9, 807.9
  192,   163, 19.3273,  0.0103,  20.9, 807.9
  193,   163, 19.2991,  0.1478,  20.9, 807.9
  194,   164, 19.2457,  0.3501,  20.9, 807.9
  195,   164, 19.2444,  0.3510,  20.9, 807.9
  196,   164, 19.2420,  0.3596,  20.9, 807.9
  197,   165, 19.2417,  0.3613,  20.9, 807.9
  198,   165, 19.2415,  0.3631,  20.9, 807.9
  199,   165, 19.2413,  0.3649,  20.9, 807.9
  200,   166, 19.2644,  0.2752,  20.9, 807.9
  201,   166, 19.3268,  0.0103,  20.9, 807.9
  202,   166, 19.3022,  0.1338,  20.9, 807.9
  203,   167, 19.2383,  0.3740,  20.9, 807.9
  204,   167, 19.2405,  0.3681,  20.9, 807.9
  205,   167, 19.2401,  0.3690,  20.9, 807.9
  206,   168, 19.2397,  0.3700,  20.9, 807.9
  207,   168, 19.2397,  0.3709,  20.9, 807.9
  208,   168, 19.2417,  0.3640,  20.9, 807.9
  209,   169, 19.2610,  0.2885,  20.9, 807.9
  210,   169, 19.3269,  0.0103,  20.9, 807.9
  211,   169, 19.3060,  0.1180,  20.9, 807.9
  212,   170, 19.2435,  0.3545,  20.9, 807.9
  213,   170, 19.2423,  0.3613,  20.9, 807.9
  214,   170, 19.2442,  0.3536,  20.9, 807.9
  215,   171, 19.2444,  0.3528,  21.0, 808.0
  216,   171, 19.2427,  0.3595,  21.0, 808.0
  217,   171, 19.2423,  0.3596,  21.0, 808.0
  218,   172, 19.2586,  0.2987,  20.9, 807.9
  219,   172, 19.3269,  0.0103,  20.9, 807.9
  220,   172, 19.3098,  0.1033,  20.9, 807.9
  221,   173, 19.2418,  0.3596,  20.9, 807.9
  222,   173, 19.2429,  0.3596,  20.9, 807.9
  223,   173, 19.2425,  0.3594,  20.9, 807.9
  224,   174, 19.2427,  0.3594,  21.0, 808.0
  225,   174, 19.2425,  0.3593,  21.0, 808.0
  226,   174, 19.2427,  0.3595,  21.0, 808.0
  227,   175, 19.2546,  0.3142,  21.0, 808.0
  228,   175, 19.3269,  0.0104,  21.0, 808.0
  229,   175, 19.3134,  0.0879,  21.0, 808.0
  230,   176, 19.2459,  0.3501,  20.9, 807.9
  231,   176, 19.2453,  0.3492,  20.9, 807.9
  232,   176, 19.2455,  0.3482,  20.9, 807.9
  233,   177, 19.2455,  0.3474,  20.9, 807.9
  234,   177, 19.2477,  0.3387,  20.9, 807.9
  235,   177, 19.2462,  0.3446,  20.9, 807.9
  236,   178, 19.2548,  0.3138,  21.0, 808.0
  237,   178, 19.3271,  0.0103,  21.0, 808.0
  238,   178, 19.3172,  0.0721,  21.0, 808.0
  239,   179, 19.2504,  0.3230,  20.9, 807.9
  240,   179, 19.2525,  0.3203,  20.9, 807.9
  241,   179, 19.2530,  0.3176,  20.9, 807.9
  242,   180, 19.2516,  0.3226,  20.9, 807.9
  243,   180, 19.2540,  0.3129,  20.9, 807.9
  244,   180, 19.2546,  0.3101,  20.9, 807.9
  245,   181, 19.2590,  0.2936,  20.9, 807.9
  246,   181, 19.3268,  0.0102,  20.9, 807.9
  247,   181, 19.3214,  0.0558,  20.9, 807.9
  248,   182, 19.2534,  0.3148,  21.0, 808.0
  249,   182, 19.2554,  0.3063,  21.0, 808.0
  250,   182, 19.2542,  0.3122,  21.0, 808.0
  251,   183, 19.2544,  0.3113,  20.9, 807.9
  252,   183, 19.2546,  0.3103,  20.9, 807.9
  253,   183, 19.2530,  0.3171,  20.9, 807.9
  254,   184, 19.2526,  0.3171,  20.9, 807.9
  255,   184, 19.3273,  0.0102,  20.9, 807.9
  256,   184, 19.3259,  0.0391,  20.9, 807.9
  257,   185, 19.2574,  0.3161,  21.0, 808.0
  258,   185, 19.2457,  0.3465,  21.0, 808.0
  259,   185, 19.2449,  0.3494,  21.0, 808.0
  260,   186, 19.2440,  0.3520,  21.0, 808.0
  261,   186, 19.2435,  0.3548,  21.0, 808.0
  262,   186, 19.2429,  0.3574,  21.0, 808.0
  263,   187, 19.2425,  0.3601,  21.0, 808.0
  264,   187, 19.3259,  0.0222,  21.0, 808.0
  265,   187, 19.3275,  0.0208,  21.0, 808.0
  266,   188, 19.2620,  0.2976,  20.9, 807.9
  267,   188, 19.2439,  0.3537,  20.9, 807.9
  268,   188, 19.2457,  0.3470,  20.9, 807.9
  269,   189, 19.2457,  0.3470,  21.0, 808.0
  270,   189, 19.2457,  0.3470,  21.0, 808.0
  271,   189, 19.2475,  0.3393,  21.0, 808.0
  272,   190, 19.2477,  0.3384,  21.0, 808.0
  273,   190, 19.3277,  0.0139,  21.0, 808.0
  274,   190, 19.3273,  0.0105,  21.0, 808.0
  275,   191, 19.2658,  0.2820,  21.0, 808.0
  276,   191, 19.2522,  0.3208,  21.0, 808.0
  277,   191, 19.2526,  0.3191,  21.0, 808.0
  278,   192, 19.2526,  0.3172,  21.0, 808.0
  279,   192, 19.2536,  0.3155,  21.0, 808.0
  280,   192, 19.2540,  0.3136,  21.0, 808.0
  281,   193, 19.2522,  0.3195,  21.0, 808.0
  282,   193, 19.3269,  0.0184,  21.0, 808.0
  283,   193, 19.3273,  0.0105,  21.0, 808.0
  284,   194, 19.2699,  0.2645,  21.0, 808.0
  285,   194, 19.2532,  0.3159,  21.0, 808.0
  286,   194, 19.2514,  0.3227,  21.0, 808.0
  287,   195, 19.2534,  0.3150,  21.0, 808.0
  288,   195, 19.2536,  0.3141,  21.0, 808.0
  289,   195, 19.2518,  0.3209,  21.0, 808.0
  290,   196, 19.2520,  0.3208,  21.0, 808.0
  291,   196, 19.3214,  0.0398,  21.0, 808.0
  292,   196, 19.3271,  0.0104,  21.0, 808.0
  293,   197, 19.2743,  0.2465,  21.0, 808.0
  294,   197, 19.2472,  0.3400,  21.0, 808.0
  295,   197, 19.2466,  0.3418,  21.0, 808.0
  296,   198, 19.2464,  0.3437,  21.0, 808.0
  297,   198, 19.2440,  0.3531,  21.0, 808.0
  298,   198, 19.2453,  0.3481,  21.0, 808.0
  299,   199, 19.2112,  0.4881,  21.0, 808.0
  300,   199, 19.3271,  0.0104,  21.0, 808.0
  301,   199, 19.3273,  0.0098,  21.0, 808.0
  302,   200, 19.3273,  0.0104,  21.0, 808.0
  303,   200, 19.3273,  0.0100,  21.0, 808.0
  304,   200, 19.3273,  0.0105,  21.0, 808.0
  305,   201, 19.3275,  0.0100,  21.0, 808.0
  306,   201, 19.3273,  0.0103,  21.0, 808.0
  307,   201, 19.3273,  0.0103,  21.0, 808.0
  308,   202, 19.3275,  0.0098,  21.0, 808.0
  309,   202, 19.3273,  0.0103,  21.0, 808.0
  310,   202, 19.3273,  0.0103,  21.0, 808.0
  311,   203, 19.3271,  0.0103,  21.0, 808.0
  312,   203, 19.3273,  0.0103,  21.0, 808.0
  313,   203, 19.3273,  0.0103,  21.0, 808.0
  314,   204, 19.3273,  0.0103,  21.0, 808.0
  315,   204, 19.3271,  0.0103,  21.0, 808.0
  316,   204, 19.3273,  0.0103,  21.0, 808.0
  317,   205, 19.3275,  0.0103,  21.0, 808.0
  318,   205, 19.3273,  0.0104,  21.0, 808.0
  319,   205, 19.3271,  0.0105,  21.0, 808.0
  320,   206, 19.3273,  0.0105,  21.0, 808.0
  321,   206, 19.3273,  0.0104,  21.0, 808.0
  322,   206, 19.3273,  0.0104,  21.0, 808.0
  323,   207, 19.3273,  0.0105,  21.0, 808.0
  324,   207, 19.3273,  0.0105,  21.0, 808.0
  325,   207, 19.3273,  0.0105,  21.0, 808.0
  326,   208, 19.3273,  0.0103,  21.0, 808.0
  327,   208, 19.3271,  0.0104,  21.0, 808.0
  328,   208, 19.3273,  0.0104,  21.0, 808.0
  329,   209, 19.3271,  0.0103,  21.0, 808.0
  330,   209, 19.3271,  0.0103,  21.0, 808.0
  331,   209, 19.3271,  0.0103,  21.0, 808.0
  332,   210, 19.3271,  0.0103,  21.0, 808.0
  333,   210, 19.3271,  0.0103,  21.0, 808.0
  334,   210, 19.3271,  0.0102,  21.0, 808.0
  335,   211, 19.3271,  0.0102,  21.0, 808.0
  336,   211, 19.3271,  0.0102,  21.0, 808.0
  337,   211, 19.3271,  0.0102,  21.0, 808.0
  338,   212, 19.3271,  0.0102,  21.0, 808.0
  339,   212, 19.3271,  0.0102,  21.0, 808.0
  340,   212, 19.3271,  0.0103,  21.0, 808.0
  341,   213, 19.3273,  0.0103,  21.0, 808.0
  342,   213, 19.3273,  0.0102,  21.0, 808.0
  343,   213, 19.3271,  0.0103,  21.0, 808.0
  344,   214, 19.3271,  0.0103,  21.0, 808.0
  345,   214, 19.3273,  0.0102,  21.0, 808.0
  346,   214, 19.3271,  0.0103,  21.0, 808.0
  347,   215, 19.3271,  0.0103,  21.0, 808.0
  348,   215, 19.3269,  0.0102,  21.0, 808.0
  349,   215, 19.3269,  0.0102,  21.0, 808.0
  350,   216, 19.3269,  0.0102,  21.0, 808.0
  351,   216, 19.3268,  0.0101,  21.0, 808.0
  352,   216, 19.3271,  0.0101,  21.0, 808.0
  353,   217, 19.3271,  0.0101,  21.0, 808.0
  354,   217, 19.3271,  0.0100,  21.0, 808.0
  355,   217, 19.3269,  0.0100,  21.0, 808.0
  356,   218, 19.3271,  0.0101,  21.0, 808.0
  357,   218, 19.3271,  0.0101,  21.0, 808.0
  358,   218, 19.3269,  0.0102,  21.0, 808.0
  359,   219, 19.3269,  0.0102,  21.0, 808.0
  360,   219, 19.3271,  0.0101,  21.0, 808.0
  361,   219, 19.3269,  0.0102,  21.0, 808.0
  362,   220, 19.3271,  0.0102,  21.0, 808.0
  363,   220, 19.3271,  0.0103,  21.0, 808.0
  364,   220, 19.3271,  0.0103,  21.0, 808.0
  365,   221, 19.3271,  0.0103,  21.0, 808.0
  366,   221, 19.3271,  0.0103,  21.0, 808.0
  367,   221, 19.3271,  0.0102,  21.0, 808.0
  368,   222, 19.3271,  0.0103,  21.0, 808.0
  369,   222, 19.3271,  0.0104,  21.0, 808.0
  370,   222, 19.3271,  0.0103,  21.0, 808.0
  371,   223, 19.3273,  0.0097,  21.0, 808.0
  372,   223, 19.3271,  0.0098,  21.0, 808.0
  373,   223, 19.3271,  0.0098,  21.0, 808.0
  374,   224, 19.3273,  0.0100,  21.0, 808.0
  375,   224, 19.3271,  0.0101,  21.0, 808.0
  376,   224, 19.3271,  0.0103,  21.0, 808.0
  377,   225, 19.3269,  0.0104,  21.0, 808.0
  378,   225, 19.3268,  0.0104,  21.0, 808.0
  379,   225, 19.3269,  0.0105,  21.0, 808.0
  380,   226, 19.3269,  0.0103,  21.0, 808.0
  381,   226, 19.3269,  0.0102,  21.0, 808.0
  382,   226, 19.3271,  0.0101,  21.0, 808.0
  383,   227, 19.3271,  0.0099,  21.0, 808.0
  384,   227, 19.3271,  0.0098,  21.0, 808.0
  385,   227, 19.3271,  0.0097,  21.0, 808.0
  386,   228, 19.3273,  0.0094,  21.0, 808.0
  387,   228, 19.3271,  0.0094,  21.0, 808.0
  388,   228, 19.3271,  0.0094,  21.0, 808.0
  389,   229, 19.3271,  0.0096,  21.0, 808.0
  390,   229, 19.3271,  0.0096,  21.0, 808.0
  391,   229, 19.3271,  0.0098,  21.0, 808.0
  392,   230, 19.3271,  0.0100,  21.0, 808.0
  393,   230, 19.3271,  0.0100,  21.0, 808.0
  394,   230, 19.3269,  0.0102,  21.0, 808.0
  395,   231, 19.3269,  0.0103,  21.0, 808.0
  396,   231, 19.3269,  0.0104,  21.0, 808.0
  397,   231, 19.3269,  0.0104,  21.0, 808.0
  398,   232, 19.3273,  0.0103,  21.0, 808.0
  399,   232, 19.3271,  0.0102,  21.0, 808.0
  400,   232, 19.3271,  0.0100,  21.0, 808.0
  401,   233, 19.3271,  0.0099,  21.0, 808.0
  402,   233, 19.3271,  0.0098,  21.0, 808.0
  403,   233, 19.3271,  0.0096,  21.0, 808.0
  404,   234, 19.3271,  0.0095,  21.0, 808.0
  405,   234, 19.3271,  0.0094,  21.0, 808.0
  406,   234, 19.3271,  0.0094,  21.0, 808.0
  407,   235, 19.3271,  0.0095,  21.0, 808.0
  408,   235, 19.3269,  0.0095,  21.0, 808.0
  409,   235, 19.3271,  0.0098,  21.0, 808.0
  410,   236, 19.3271,  0.0098,  21.0, 808.0
  411,   236, 19.3269,  0.0100,  21.0, 808.0
  412,   236, 19.3268,  0.0102,  21.0, 808.0
  413,   237, 19.3269,  0.0102,  21.0, 808.0
  414,   237, 19.3269,  0.0103,  21.0, 808.0
  415,   237, 19.3269,  0.0103,  21.0, 808.0
  416,   238, 19.3269,  0.0103,  21.0, 808.0
  417,   238, 19.3269,  0.0102,  21.0, 808.0
  418,   238, 19.3269,  0.0100,  21.0, 808.0
  419,   239, 19.3269,  0.0100,  21.0, 808.0
  420,   239, 19.3269,  0.0098,  21.0, 808.0
  421,   239, 19.3271,  0.0096,  21.0, 808.0
  422,   240, 19.3271,  0.0095,  21.0, 808.0
  423,   240, 19.3271,  0.0094,  21.0, 808.0
  424,   240, 19.3273,  0.0094,  21.0, 808.0
  425,   241, 19.3271,  0.0094,  21.0, 808.0
  426,   241, 19.3271,  0.0095,  21.0, 808.0
  427,   241, 19.3269,  0.0097,  21.0, 808.0
  428,   242, 19.3269,  0.0098,  21.0, 808.0
  429,   242, 19.3269,  0.0099,  21.0, 808.0
  430,   242, 19.3269,  0.0101,  21.0, 808.0
  431,   243, 19.3269,  0.0102,  21.0, 808.0
  432,   243, 19.3268,  0.0103,  21.0, 808.0
  433,   243, 19.3271,  0.0103,  21.0, 808.0
  434,   244, 19.3269,  0.0103,  21.0, 808.0
  435,   244, 19.3269,  0.0102,  21.0, 808.0
  436,   244, 19.3269,  0.0100,  21.0, 808.0
  437,   245, 19.3269,  0.0100,  21.1, 808.1
  438,   245, 19.3271,  0.0098,  21.1, 808.1
  439,   245, 19.3271,  0.0096,  21.1, 808.1
  440,   246, 19.3269,  0.0095,  21.0, 808.0
  441,   246, 19.3271,  0.0094,  21.0, 808.0
  442,   246, 19.3271,  0.0093,  21.0, 808.0
  443,   247, 19.3271,  0.0094,  21.1, 808.1
  444,   247, 19.3271,  0.0094,  21.1, 808.1
  445,   247, 19.3271,  0.0096,  21.1, 808.1
  446,   248, 19.3271,  0.0097,  21.0, 808.0
  447,   248, 19.3271,  0.0099,  21.0, 808.0
  448,   248, 19.3269,  0.0100,  21.0, 808.0
  449,   249, 19.3271,  0.0100,  21.1, 808.1
  450,   249, 19.3269,  0.0105,  21.1, 808.1
  451,   249, 19.3269,  0.0105,  21.1, 808.1
  452,   250, 19.3271,  0.0105,  21.1, 808.1
  453,   250, 19.3271,  0.0103,  21.1, 808.1
  454,   250, 19.3269,  0.0102,  21.1, 808.1
  455,   251, 19.3271,  0.0102,  21.0, 808.0
  456,   251, 19.3271,  0.0099,  21.0, 808.0
  457,   251, 19.3271,  0.0098,  21.0, 808.0
  458,   252, 19.3271,  0.0097,  21.1, 808.1
  459,   252, 19.3271,  0.0095,  21.1, 808.1
  460,   252, 19.3271,  0.0095,  21.1, 808.1
  461,   253, 19.3271,  0.0095,  21.0, 808.0
  462,   253, 19.3271,  0.0097,  21.0, 808.0
  463,   253, 19.3271,  0.0097,  21.0, 808.0
  464,   254, 19.3271,  0.0098,  21.0, 808.0
  465,   254, 19.3271,  0.0101,  21.0, 808.0
  466,   254, 19.3271,  0.0101,  21.0, 808.0
  467,   255, 19.3269,  0.0103,  21.1, 808.1
  468,   255, 19.3269,  0.0103,  21.1, 808.1
  469,   255, 19.3268,  0.0104,  21.1, 808.1
  470,   256, 19.3269,  0.0104,  21.1, 808.1
  471,   256, 19.3268,  0.0103,  21.1, 808.1
  472,   256, 19.3269,  0.0103,  21.1, 808.1
  473,   257, 19.3269,  0.0101,  21.1, 808.1
  474,   257, 19.3271,  0.0099,  21.1, 808.1
  475,   257, 19.3271,  0.0098,  21.1, 808.1
  476,   258, 19.3269,  0.0096,  21.1, 808.1
  477,   258, 19.3271,  0.0095,  21.1, 808.1
  478,   258, 19.3271,  0.0094,  21.1, 808.1
  479,   259, 19.3271,  0.0096,  21.1, 808.1
  480,   259, 19.3271,  0.0102,  21.1, 808.1
  481,   259, 19.3269,  0.0103,  21.1, 808.1
  482,   260, 19.3269,  0.0103,  21.1, 808.1
  483,   260, 19.3271,  0.0099,  21.1, 808.1
  484,   260, 19.3269,  0.0101,  21.1, 808.1
  485,   261, 19.3271,  0.0102,  21.1, 808.1
  486,   261, 19.3269,  0.0103,  21.1, 808.1
  487,   261, 19.3269,  0.0105,  21.1, 808.1
  488,   262, 19.3269,  0.0105,  21.1, 808.1
  489,   262, 19.3269,  0.0105,  21.1, 808.1
  490,   262, 19.3269,  0.0104,  21.1, 808.1
  491,   263, 19.3269,  0.0105,  21.1, 808.1
  492,   263, 19.3268,  0.0105,  21.1, 808.1
  493,   263, 19.3268,  0.0105,  21.1, 808.1
  494,   264, 19.3268,  0.0104,  21.1, 808.1
  495,   264, 19.0845,  1.0254,  21.1, 808.1
  496,   264, 18.8207,  2.1250,  21.1, 808.1
  497,   265, 18.8219,  2.1250,  21.1, 808.1
  498,   265, 18.8235,  2.1253,  21.1, 808.1
  499,   265, 18.8215,  2.1393,  21.1, 808.1
  500,   266, 18.8215,  2.1392,  21.1, 808.1
  501,   266, 18.8221,  2.1249,  21.1, 808.1
  502,   266, 18.8203,  2.1247,  21.1, 808.1
  503,   267, 18.8199,  2.1244,  21.1, 808.1
  504,   267, 18.8197,  2.1242,  21.1, 808.1
  505,   267, 18.8209,  2.1242,  21.1, 808.1
  506,   268, 18.8209,  2.1240,  21.1, 808.1
  507,   268, 18.8213,  2.1240,  21.1, 808.1
  508,   268, 18.8181,  2.1378,  21.1, 808.1
  509,   269, 18.8946,  1.8080,  21.1, 808.1
  510,   269, 18.9329,  1.6692,  21.1, 808.1
  511,   269, 18.9207,  1.7218,  21.1, 808.1
  512,   270, 19.0267,  1.2822,  21.1, 808.1
  513,   270, 19.0259,  1.2887,  21.1, 808.1
  514,   270, 19.3285,  0.0103,  21.1, 808.1
  515,   271, 19.2741,  0.2318,  21.1, 808.1
  516,   271, 19.2626,  0.2793,  21.1, 808.1
  517,   271, 19.2588,  0.2997,  21.1, 808.1
  518,   272, 19.3130,  0.0747,  21.1, 808.1
  519,   272, 19.3154,  0.0777,  21.1, 808.1
  520,   272, 19.2508,  0.3476,  21.1, 808.1
  521,   273, 19.2128,  0.4956,  21.1, 808.1
  522,   273, 19.2094,  0.5025,  21.1, 808.1
  523,   273, 19.2086,  0.5087,  21.1, 808.1
  524,   274, 19.2074,  0.5109,  21.1, 808.1
  525,   274, 19.2078,  0.5104,  21.1, 808.1
  526,   274, 19.2148,  0.4825,  21.1, 808.1
  527,   275, 19.2835,  0.1978,  21.1, 808.1
  528,   275, 19.3209,  0.0554,  21.1, 808.1
  529,   275, 19.2560,  0.3253,  21.1, 808.1
  530,   276, 19.2349,  0.3958,  21.1, 808.1
  531,   276, 19.2387,  0.3794,  21.1, 808.1
  532,   276, 19.2446,  0.3536,  21.1, 808.1
  533,   277, 19.2496,  0.3327,  21.1, 808.1
  534,   277, 19.2550,  0.3102,  21.1, 808.1
  535,   277, 19.2594,  0.2934,  21.1, 808.1
  536,   278, 19.3244,  0.0270,  21.1, 808.1
  537,   278, 19.3268,  0.0335,  21.1, 808.1
  538,   278, 19.2688,  0.2535,  21.1, 808.1
  539,   279, 19.2692,  0.2512,  21.1, 808.1
  540,   279, 19.2699,  0.2498,  21.1, 808.1
  541,   279, 19.2701,  0.2493,  21.1, 808.1
  542,   280, 19.2678,  0.2574,  21.1, 808.1
  543,   280, 19.2672,  0.2597,  21.1, 808.1
  544,   280, 19.2644,  0.2707,  21.1, 808.1
  545,   281, 19.3190,  0.0491,  21.1, 808.1
  546,   281, 19.3269,  0.0111,  21.1, 808.1
  547,   281, 19.2666,  0.2800,  21.1, 808.1
  548,   282, 19.2518,  0.3246,  21.1, 808.1
  549,   282, 19.2494,  0.3360,  21.1, 808.1
  550,   282, 19.2484,  0.3405,  21.1, 808.1
  551,   283, 19.2453,  0.3526,  21.1, 808.1
  552,   283, 19.2437,  0.3581,  21.1, 808.1
  553,   283, 19.2409,  0.3712,  21.1, 808.1
  554,   284, 19.2909,  0.1672,  21.1, 808.1
  555,   284, 19.3269,  0.0103,  21.1, 808.1
  556,   284, 19.2721,  0.2576,  21.1, 808.1
  557,   285, 19.2369,  0.3936,  21.1, 808.1
  558,   285, 19.2361,  0.3913,  21.1, 808.1
  559,   285, 19.2351,  0.3958,  21.1, 808.1
  560,   286, 19.2357,  0.3927,  21.1, 808.1
  561,   286, 19.2347,  0.3962,  21.1, 808.1
  562,   286, 19.2359,  0.3920,  21.1, 808.1
  563,   287, 19.2829,  0.1996,  21.1, 808.1
  564,   287, 19.3268,  0.0103,  21.1, 808.1
  565,   287, 19.2780,  0.2338,  21.1, 808.1
  566,   288, 19.2431,  0.3668,  21.1, 808.1
  567,   288, 19.2420,  0.3660,  21.1, 808.1
  568,   288, 19.2442,  0.3573,  21.1, 808.1
  569,   289, 19.2444,  0.3555,  21.1, 808.1
  570,   289, 19.2470,  0.3460,  21.1, 808.1
  571,   289, 19.2475,  0.3432,  21.1, 808.1
  572,   290, 19.2925,  0.1608,  21.1, 808.1
  573,   290, 19.3268,  0.0103,  21.1, 808.1
  574,   290, 19.2833,  0.2105,  21.1, 808.1
  575,   291, 19.2532,  0.3241,  21.1, 808.1
  576,   291, 19.2506,  0.3292,  21.1, 808.1
  577,   291, 19.2512,  0.3273,  21.1, 808.1
  578,   292, 19.2516,  0.3255,  21.1, 808.1
  579,   292, 19.2522,  0.3237,  21.1, 808.1
  580,   292, 19.2506,  0.3296,  21.1, 808.1
  581,   293, 19.2855,  0.1888,  21.1, 808.1
  582,   293, 19.3268,  0.0103,  21.1, 808.1
  583,   293, 19.2895,  0.1861,  21.1, 808.1
  584,   294, 19.2516,  0.3327,  21.1, 808.1
  585,   294, 19.2486,  0.3404,  21.1, 808.1
  586,   294, 19.2481,  0.3414,  21.1, 808.1
  587,   295, 19.2496,  0.3345,  21.1, 808.1
  588,   295, 19.2479,  0.3424,  21.1, 808.1
  589,   295, 19.2477,  0.3433,  21.1, 808.1
  590,   296, 19.2759,  0.2295,  21.1, 808.1
  591,   296, 19.3263,  0.0103,  21.1, 808.1
  592,   296, 19.2952,  0.1604,  21.1, 808.1
  593,   297, 19.2496,  0.3391,  21.1, 808.1
  594,   297, 19.2486,  0.3391,  21.1, 808.1
  595,   297, 19.2484,  0.3391,  21.1, 808.1
  596,   298, 19.2486,  0.3390,  21.1, 808.1
  597,   298, 19.2504,  0.3314,  21.1, 808.1
  598,   298, 19.2486,  0.3382,  21.1, 808.1
  599,   299, 19.2714,  0.2487,  21.1, 808.1
  600,   299, 19.3257,  0.0103,  21.1, 808.1
  601,   299, 19.3011,  0.1355,  21.1, 808.1
  602,   300, 19.2492,  0.3382,  21.1, 808.1
  603,   300, 19.2486,  0.3382,  21.1, 808.1
  604,   300, 19.2504,  0.3305,  21.1, 808.1
  605,   301, 19.2508,  0.3295,  21.1, 808.1
  606,   301, 19.2514,  0.3287,  21.1, 808.1
  607,   301, 19.2512,  0.3280,  21.1, 808.1
  608,   302, 19.2680,  0.2626,  21.1, 808.1
  609,   302, 19.3251,  0.0104,  21.1, 808.1
  610,   302, 19.3068,  0.1107,  21.1, 808.1
  611,   303, 19.2498,  0.3321,  21.1, 808.1
  612,   303, 19.2503,  0.3322,  21.1, 808.1
  613,   303, 19.2503,  0.3320,  21.1, 808.1
  614,   304, 19.2525,  0.3243,  21.1, 808.1
  615,   304, 19.2525,  0.3233,  21.1, 808.1
  616,   304, 19.2525,  0.3224,  21.1, 808.1
  617,   305, 19.2630,  0.2822,  21.1, 808.1
  618,   305, 19.3253,  0.0103,  21.1, 808.1
  619,   305, 19.3130,  0.0857,  21.1, 808.1
  620,   306, 19.2501,  0.3275,  21.1, 808.1
  621,   306, 19.2492,  0.3352,  21.1, 808.1
  622,   306, 19.2494,  0.3362,  21.1, 808.1
  623,   307, 19.2490,  0.3370,  21.1, 808.1
  624,   307, 19.2470,  0.3457,  21.1, 808.1
  625,   307, 19.2466,  0.3474,  21.1, 808.1
  626,   308, 19.2504,  0.3344,  21.1, 808.1
  627,   308, 19.3266,  0.0103,  21.1, 808.1
  628,   308, 19.3194,  0.0600,  21.1, 808.1
  629,   309, 19.2552,  0.3294,  21.1, 808.1
  630,   309, 19.2461,  0.3505,  21.1, 808.1
  631,   309, 19.2457,  0.3515,  21.1, 808.1
  632,   310, 19.2472,  0.3448,  21.1, 808.1
  633,   310, 19.2475,  0.3447,  21.1, 808.1
  634,   310, 19.2477,  0.3446,  21.1, 808.1
  635,   311, 19.2475,  0.3446,  21.1, 808.1
  636,   311, 19.3273,  0.0103,  21.1, 808.1
  637,   311, 19.3261,  0.0342,  21.1, 808.1
  638,   312, 19.2612,  0.3036,  21.1, 808.1
  639,   312, 19.2516,  0.3264,  21.1, 808.1
  640,   312, 19.2520,  0.3247,  21.1, 808.1
  641,   313, 19.2525,  0.3229,  21.1, 808.1
  642,   313, 19.2526,  0.3210,  21.1, 808.1
  643,   313, 19.2530,  0.3193,  21.1, 808.1
  644,   314, 19.2534,  0.3175,  21.1, 808.1
  645,   314, 19.3271,  0.0103,  21.1, 808.1
  646,   314, 19.3263,  0.0108,  21.1, 808.1
  647,   315, 19.2668,  0.2797,  21.1, 808.1
  648,   315, 19.2512,  0.3273,  21.1, 808.1
  649,   315, 19.2532,  0.3196,  21.1, 808.1
  650,   316, 19.2536,  0.3186,  21.1, 808.1
  651,   316, 19.2536,  0.3178,  21.1, 808.1
  652,   316, 19.2538,  0.3169,  21.1, 808.1
  653,   317, 19.2542,  0.3161,  21.1, 808.1
  654,   317, 19.3249,  0.0222,  21.1, 808.1
  655,   317, 19.3263,  0.0103,  21.1, 808.1
  656,   318, 19.2721,  0.2567,  21.1, 808.1
  657,   318, 19.2498,  0.3324,  21.1, 808.1
  658,   318, 19.2481,  0.3409,  21.1, 808.1
  659,   319, 19.2475,  0.3427,  21.1, 808.1
  660,   319, 19.2470,  0.3445,  21.1, 808.1
  661,   319, 19.2486,  0.3386,  21.1, 808.1
  662,   320, 19.2484,  0.3395,  21.1, 808.1
  663,   320, 19.3150,  0.0638,  21.1, 808.1
  664,   320, 19.3263,  0.0103,  21.1, 808.1
  665,   321, 19.2780,  0.2322,  21.1, 808.1
  666,   321, 19.2472,  0.3450,  21.1, 808.1
  667,   321, 19.2468,  0.3460,  21.1, 808.1
  668,   322, 19.2484,  0.3391,  21.1, 808.1
  669,   322, 19.2486,  0.3390,  21.1, 808.1
  670,   322, 19.2486,  0.3391,  21.1, 808.1
  671,   323, 19.2486,  0.3391,  21.1, 808.1
  672,   323, 19.3098,  0.0860,  21.1, 808.1
  673,   323, 19.3263,  0.0103,  21.1, 808.1
  674,   324, 19.2833,  0.2092,  21.1, 808.1
  675,   324, 19.2528,  0.3201,  21.1, 808.1
  676,   324, 19.2538,  0.3183,  21.1, 808.1
  677,   325, 19.2538,  0.3165,  21.1, 808.1
  678,   325, 19.2544,  0.3145,  21.1, 808.1
  679,   325, 19.2528,  0.3205,  21.1, 808.1
  680,   326, 19.2530,  0.3195,  21.1, 808.1
  681,   326, 19.3088,  0.0894,  21.1, 808.1
  682,   326, 19.3263,  0.0104,  21.1, 808.1
  683,   327, 19.2891,  0.1854,  21.1, 808.1
  684,   327, 19.2522,  0.3229,  21.1, 808.1
  685,   327, 19.2525,  0.3229,  21.1, 808.1
  686,   328, 19.2542,  0.3153,  21.1, 808.1
  687,   328, 19.2508,  0.3299,  21.1, 808.1
  688,   328, 19.2504,  0.3309,  21.1, 808.1
  689,   329, 19.2504,  0.3316,  21.1, 808.1
  690,   329, 19.2996,  0.1285,  21.1, 808.1
  691,   329, 19.3253,  0.0103,  21.1, 808.1
  692,   330, 19.2949,  0.1600,  21.1, 808.1
  693,   330, 19.2477,  0.3465,  21.1, 808.1
  694,   330, 19.2464,  0.3484,  21.1, 808.1
  695,   331, 19.2475,  0.3425,  21.1, 808.1
  696,   331, 19.2481,  0.3434,  21.1, 808.1
  697,   331, 19.2475,  0.3443,  21.1, 808.1
  698,   332, 19.2472,  0.3452,  21.1, 808.1
  699,   332, 19.2919,  0.1610,  21.1, 808.1
  700,   332, 19.3249,  0.0104,  21.1, 808.1
  701,   333, 19.3013,  0.1331,  21.1, 808.1
  702,   333, 19.2496,  0.3383,  21.1, 808.1
  703,   333, 19.2504,  0.3305,  21.1, 808.1
  704,   334, 19.2530,  0.3219,  21.1, 808.1
  705,   334, 19.2512,  0.3280,  21.1, 808.1
  706,   334, 19.2530,  0.3193,  21.1, 808.1
  707,   335, 19.2536,  0.3176,  21.1, 808.1
  708,   335, 19.2933,  0.1560,  21.1, 808.1
  709,   335, 19.3251,  0.0104,  21.1, 808.1
  710,   336, 19.3070,  0.1079,  21.1, 808.1
  711,   336, 19.2594,  0.2980,  21.1, 808.1
  712,   336, 19.2572,  0.3030,  21.1, 808.1
  713,   337, 19.2576,  0.3010,  21.1, 808.1
  714,   337, 19.2562,  0.3070,  21.1, 808.1
  715,   337, 19.2544,  0.3138,  21.1, 808.1
  716,   338, 19.2546,  0.3138,  21.1, 808.1
  717,   338, 19.3261,  0.0103,  21.1, 808.1
  718,   338, 19.3261,  0.0103,  21.1, 808.1
  719,   339, 19.3261,  0.0103,  21.1, 808.1
  720,   339, 19.3261,  0.0103,  21.1, 808.1
  721,   339, 19.3261,  0.0103,  21.1, 808.1
  722,   340, 19.3261,  0.0103,  21.1, 808.1
  723,   340, 19.3261,  0.0103,  21.1, 808.1
  724,   340, 19.3261,  0.0103,  21.1, 808.1
  725,   341, 19.3261,  0.0103,  21.1, 808.1
  726,   341, 19.3261,  0.0102,  21.1, 808.1
  727,   341, 19.3261,  0.0102,  21.1, 808.1
  728,   342, 19.3261,  0.0102,  21.1, 808.1
  729,   342, 19.3261,  0.0102,  21.1, 808.1
  730,   342, 19.3261,  0.0103,  21.1, 808.1
  731,   343, 19.3261,  0.0103,  21.1, 808.1
  732,   343, 19.3261,  0.0103,  21.1, 808.1
  733,   343, 19.3261,  0.0103,  21.1, 808.1
  734,   344, 19.3261,  0.0103,  21.1, 808.1
  735,   344, 19.3261,  0.0103,  21.1, 808.1
  736,   344, 19.3261,  0.0103,  21.1, 808.1
  737,   345, 19.3261,  0.0103,  21.1, 808.1
  738,   345, 19.3259,  0.0103,  21.1, 808.1
  739,   345, 19.3261,  0.0103,  21.1, 808.1
  740,   346, 19.3261,  0.0103,  21.1, 808.1
  741,   346, 19.3259,  0.0102,  21.1, 808.1
  742,   346, 19.3259,  0.0102,  21.1, 808.1
  743,   347, 19.3259,  0.0102,  21.1, 808.1
  744,   347, 19.3261,  0.0102,  21.1, 808.1
  745,   347, 19.3259,  0.0102,  21.1, 808.1
  746,   348, 19.3259,  0.0100,  21.1, 808.1
  747,   348, 19.3261,  0.0097,  21.1, 808.1
  748,   348, 19.3261,  0.0099,  21.1, 808.1
  749,   349, 19.3261,  0.0100,  21.1, 808.1
  750,   349, 19.3259,  0.0101,  21.1, 808.1
  751,   349, 19.3261,  0.0103,  21.1, 808.1
  752,   350, 19.3259,  0.0103,  21.1, 808.1
  753,   350, 19.3259,  0.0103,  21.1, 808.1
  754,   350, 19.3259,  0.0101,  21.1, 808.1
  755,   351, 19.3261,  0.0101,  21.1, 808.1
  756,   351, 19.3261,  0.0100,  21.1, 808.1
  757,   351, 19.3261,  0.0099,  21.1, 808.1
  758,   352, 19.3261,  0.0099,  21.1, 808.1
  759,   352, 19.3261,  0.0097,  21.1, 808.1
  760,   352, 19.3261,  0.0095,  21.1, 808.1
  761,   353, 19.3261,  0.0094,  21.1, 808.1
  762,   353, 19.3261,  0.0094,  21.1, 808.1
  763,   353, 19.3261,  0.0095,  21.1, 808.1
  764,   354, 19.3263,  0.0097,  21.1, 808.1
  765,   354, 19.3261,  0.0098,  21.1, 808.1
  766,   354, 19.3261,  0.0100,  21.1, 808.1
  767,   355, 19.3261,  0.0100,  21.1, 808.1
  768,   355, 19.3261,  0.0102,  21.1, 808.1
  769,   355, 19.3261,  0.0103,  21.1, 808.1
  770,   356, 19.3259,  0.0104,  21.1, 808.1
  771,   356, 19.3259,  0.0104,  21.1, 808.1
  772,   356, 19.3261,  0.0103,  21.1, 808.1
  773,   357, 19.3259,  0.0103,  21.1, 808.1
  774,   357, 19.3259,  0.0100,  21.1, 808.1
  775,   357, 19.3259,  0.0100,  21.1, 808.1
  776,   358, 19.3261,  0.0098,  21.1, 808.1
  777,   358, 19.3259,  0.0096,  21.1, 808.1
  778,   358, 19.3261,  0.0095,  21.1, 808.1
  779,   359, 19.3259,  0.0094,  21.1, 808.1
  780,   359, 19.3259,  0.0094,  21.1, 808.1
  781,   359, 19.3259,  0.0094,  21.1, 808.1
  782,   360, 19.3259,  0.0096,  21.1, 808.1
  783,   360, 19.3261,  0.0098,  21.1, 808.1
  784,   360, 19.3259,  0.0098,  21.1, 808.1
  785,   361, 19.3261,  0.0100,  21.1, 808.1
  786,   361, 19.3259,  0.0102,  21.1, 808.1
  787,   361, 19.3259,  0.0103,  21.1, 808.1
  788,   362, 19.3259,  0.0103,  21.1, 808.1
  789,   362, 19.3257,  0.0104,  21.1, 808.1
  790,   362, 19.3259,  0.0103,  21.1, 808.1
  791,   363, 19.3257,  0.0102,  21.1, 808.1
  792,   363, 19.3259,  0.0100,  21.1, 808.1
  793,   363, 19.3257,  0.0100,  21.1, 808.1
  794,   364, 19.3259,  0.0098,  21.1, 808.1
  795,   364, 19.3259,  0.0096,  21.1, 808.1
  796,   364, 19.3259,  0.0095,  21.1, 808.1
  797,   365, 19.3259,  0.0094,  21.1, 808.1
  798,   365, 19.3261,  0.0094,  21.1, 808.1
  799,   365, 19.3261,  0.0094,  21.1, 808.1
  800,   366, 19.3261,  0.0095,  21.1, 808.1
  801,   366, 19.3259,  0.0097,  21.1, 808.1
  802,   366, 19.3259,  0.0097,  21.1, 808.1
  803,   367, 19.3261,  0.0099,  21.1, 808.1
  804,   367, 19.3259,  0.0101,  21.1, 808.1
  805,   367, 19.3259,  0.0101,  21.1, 808.1
  806,   368, 19.3259,  0.0103,  21.1, 808.1
  807,   368, 19.3259,  0.0103,  21.1, 808.1
  808,   368, 19.3257,  0.0103,  21.1, 808.1
  809,   369, 19.3257,  0.0102,  21.1, 808.1
  810,   369, 19.3259,  0.0100,  21.1, 808.1
  811,   369, 19.3259,  0.0100,  21.1, 808.1
  812,   370, 19.3257,  0.0098,  21.1, 808.1
  813,   370, 19.3259,  0.0096,  21.1, 808.1
  814,   370, 19.3261,  0.0095,  21.1, 808.1
  815,   371, 19.3261,  0.0094,  21.1, 808.1
  816,   371, 19.3261,  0.0093,  21.1, 808.1
  817,   371, 19.3261,  0.0093,  21.1, 808.1
  818,   372, 19.3259,  0.0094,  21.1, 808.1
  819,   372, 19.3261,  0.0096,  21.1, 808.1
  820,   372, 19.3259,  0.0097,  21.1, 808.1
  821,   373, 19.3259,  0.0099,  21.1, 808.1
  822,   373, 19.3259,  0.0100,  21.1, 808.1
  823,   373, 19.3257,  0.0101,  21.1, 808.1
  824,   374, 19.3257,  0.0103,  21.1, 808.1
  825,   374, 19.3257,  0.0103,  21.1, 808.1
  826,   374, 19.3257,  0.0103,  21.1, 808.1
  827,   375, 19.3257,  0.0101,  21.1, 808.1
  828,   375, 19.3257,  0.0103,  21.1, 808.1
  829,   375, 19.3257,  0.0102,  21.1, 808.1
  830,   376, 19.3257,  0.0099,  21.1, 808.1
  831,   376, 19.3259,  0.0098,  21.1, 808.1
  832,   376, 19.3259,  0.0098,  21.1, 808.1
  833,   377, 19.3259,  0.0095,  21.1, 808.1
  834,   377, 19.3259,  0.0095,  21.1, 808.1
  835,   377, 19.3259,  0.0094,  21.1, 808.1
  836,   378, 19.3259,  0.0096,  21.1, 808.1
  837,   378, 19.3257,  0.0097,  21.1, 808.1
  838,   378, 19.3259,  0.0098,  21.1, 808.1
  839,   379, 19.3257,  0.0100,  21.1, 808.1
  840,   379, 19.3257,  0.0100,  21.1, 808.1
  841,   379, 19.3257,  0.0103,  21.1, 808.1
  842,   380, 19.3257,  0.0103,  21.1, 808.1
  843,   380, 19.3257,  0.0104,  21.1, 808.1
  844,   380, 19.3257,  0.0104,  21.1, 808.1
  845,   381, 19.3255,  0.0103,  21.1, 808.1
  846,   381, 19.3257,  0.0103,  21.1, 808.1
  847,   381, 19.3259,  0.0100,  21.1, 808.1
  848,   382, 19.3257,  0.0100,  21.1, 808.1
  849,   382, 19.3259,  0.0098,  21.1, 808.1
  850,   382, 19.3261,  0.0096,  21.1, 808.1
  851,   383, 19.3259,  0.0095,  21.1, 808.1
  852,   383, 19.3261,  0.0094,  21.1, 808.1
  853,   383, 19.3261,  0.0094,  21.1, 808.1
  854,   384, 19.3261,  0.0095,  21.1, 808.1
  855,   384, 19.3261,  0.0096,  21.1, 808.1
  856,   384, 19.3261,  0.0098,  21.1, 808.1
  857,   385, 19.3261,  0.0099,  21.1, 808.1
  858,   385, 19.3257,  0.0100,  21.1, 808.1
  859,   385, 19.3257,  0.0102,  21.1, 808.1
  860,   386, 19.3259,  0.0103,  21.1, 808.1
  861,   386, 19.3259,  0.0103,  21.1, 808.1
  862,   386, 19.3259,  0.0103,  21.1, 808.1
  863,   387, 19.3259,  0.0103,  21.1, 808.1
  864,   387, 19.3259,  0.0102,  21.1, 808.1
  865,   387, 19.3257,  0.0100,  21.1, 808.1
  866,   388, 19.3259,  0.0100,  21.1, 808.1
  867,   388, 19.3257,  0.0098,  21.1, 808.1
  868,   388, 19.3259,  0.0096,  21.1, 808.1
  869,   389, 19.3259,  0.0095,  21.1, 808.1
  870,   389, 19.3259,  0.0094,  21.1, 808.1
  871,   389, 19.3259,  0.0094,  21.1, 808.1
  872,   390, 19.3259,  0.0094,  21.1, 808.1
  873,   390, 19.3261,  0.0095,  21.1, 808.1
  874,   390, 19.3261,  0.0097,  21.1, 808.1
  875,   391, 19.3259,  0.0098,  21.1, 808.1
  876,   391, 19.3259,  0.0100,  21.1, 808.1
  877,   391, 19.3259,  0.0101,  21.1, 808.1
  878,   392, 19.3257,  0.0102,  21.1, 808.1
  879,   392, 19.3259,  0.0103,  21.1, 808.1
  880,   392, 19.3257,  0.0103,  21.1, 808.1
  881,   393, 19.3259,  0.0103,  21.1, 808.1
  882,   393, 19.3259,  0.0102,  21.1, 808.1
  883,   393, 19.3257,  0.0100,  21.1, 808.1
  884,   394, 19.3259,  0.0100,  21.1, 808.1
  885,   394, 19.3261,  0.0098,  21.1, 808.1
  886,   394, 19.3259,  0.0096,  21.1, 808.1
  887,   395, 19.3261,  0.0095,  21.1, 808.1
  888,   395, 19.3261,  0.0094,  21.1, 808.1
  889,   395, 19.3261,  0.0093,  21.1, 808.1
  890,   396, 19.3259,  0.0093,  21.2, 808.2
  891,   396, 19.3261,  0.0094,  21.2, 808.2
  892,   396, 19.3259,  0.0096,  21.2, 808.2
  893,   397, 19.3259,  0.0097,  21.1, 808.1
  894,   397, 19.3259,  0.0099,  21.1, 808.1
  895,   397, 19.3259,  0.0100,  21.1, 808.1
  896,   398, 19.3259,  0.0101,  21.2, 808.2
  897,   398, 19.3259,  0.0103,  21.2, 808.2
  898,   398, 19.3259,  0.0103,  21.2, 808.2
  899,   399, 19.3257,  0.0103,  21.1, 808.1
  900,   399, 19.3259,  0.0101,  21.1, 808.1
  901,   399, 19.3259,  0.0100,  21.1, 808.1
  902,   400, 19.3259,  0.0100,  21.1, 808.1
  903,   400, 19.3259,  0.0098,  21.1, 808.1
  904,   400, 19.3259,  0.0097,  21.1, 808.1
  905,   401, 19.3259,  0.0094,  21.2, 808.2
  906,   401, 19.3261,  0.0096,  21.2, 808.2
  907,   401, 19.3261,  0.0095,  21.2, 808.2
  908,   402, 19.3259,  0.0103,  21.1, 808.1
  909,   402, 19.3257,  0.0104,  21.1, 808.1
  910,   402, 19.3257,  0.0104,  21.1, 808.1
  911,   403, 19.3257,  0.0103,  21.1, 808.1
  912,   403, 19.3257,  0.0103,  21.1, 808.1
  913,   403, 19.3257,  0.0103,  21.1, 808.1
  914,   404, 19.3257,  0.0104,  21.1, 808.1
  915,   404, 19.3257,  0.0104,  21.1, 808.1
  916,   404, 19.3257,  0.0105,  21.1, 808.1
  917,   405, 19.3259,  0.0103,  21.1, 808.1
  918,   405, 19.3257,  0.0103,  21.1, 808.1
  919,   405, 19.3259,  0.0103,  21.1, 808.1
  920,   406, 19.2980,  0.1329,  21.2, 808.2
  921,   406, 19.2835,  0.1888,  21.2, 808.2
  922,   406, 19.2716,  0.2391,  21.2, 808.2
  923,   407, 19.2610,  0.2835,  21.1, 808.1
  924,   407, 19.2540,  0.3130,  21.1, 808.1
  925,   407, 19.2451,  0.3507,  21.1, 808.1
  926,   408, 19.2361,  0.3878,  21.1, 808.1
  927,   408, 19.2941,  0.1502,  21.1, 808.1
  928,   408, 19.3246,  0.0102,  21.1, 808.1
  929,   409, 19.2819,  0.2136,  21.1, 808.1
  930,   409, 19.2246,  0.4443,  21.1, 808.1
  931,   409, 19.2251,  0.4379,  21.1, 808.1
  932,   410, 19.2289,  0.4202,  21.2, 808.2
  933,   410, 19.2303,  0.4136,  21.2, 808.2
  934,   410, 19.2363,  0.3886,  21.2, 808.2
  935,   411, 19.2433,  0.3590,  21.1, 808.1
  936,   411, 19.3058,  0.1006,  21.1, 808.1
  937,   411, 19.3259,  0.0103,  21.1, 808.1
  938,   412, 19.2879,  0.1876,  21.1, 808.1
  939,   412, 19.2807,  0.2007,  21.1, 808.1
  940,   412, 19.2875,  0.1725,  21.1, 808.1
  941,   413, 19.2949,  0.1425,  21.1, 808.1
  942,   413, 19.3004,  0.1185,  21.1, 808.1
  943,   413, 19.3062,  0.0934,  21.1, 808.1
  944,   414, 19.3124,  0.0676,  21.1, 808.1
  945,   414, 19.3257,  0.0103,  21.1, 808.1
  946,   414, 19.3257,  0.0103,  21.1, 808.1
  947,   415, 19.3257,  0.0103,  21.1, 808.1
  948,   415, 19.3257,  0.0103,  21.1, 808.1
  949,   415, 19.3257,  0.0103,  21.1, 808.1
  950,   416, 19.3257,  0.0103,  21.1, 808.1
  951,   416, 19.3257,  0.0103,  21.1, 808.1
  952,   416, 19.3257,  0.0103,  21.1, 808.1
  953,   417, 19.3257,  0.0102,  21.2, 808.2
  954,   417, 19.3257,  0.0103,  21.2, 808.2
  955,   417, 19.3257,  0.0103,  21.2, 808.2
  956,   418, 19.3138,  0.0644,  21.2, 808.2
  957,   418, 19.3070,  0.0894,  21.2, 808.2
  958,   418, 19.3022,  0.1094,  21.2, 808.2
  959,   419, 19.2972,  0.1313,  21.2, 808.2
  960,   419, 19.2917,  0.1548,  21.2, 808.2
  961,   419, 19.2855,  0.1802,  21.2, 808.2
  962,   420, 19.2809,  0.1997,  21.2, 808.2
  963,   420, 19.3132,  0.0687,  21.2, 808.2
  964,   420, 19.3255,  0.0102,  21.2, 808.2
  965,   421, 19.3072,  0.1059,  21.1, 808.1
  966,   421, 19.2630,  0.2774,  21.1, 808.1
  967,   421, 19.2594,  0.2910,  21.1, 808.1
  968,   422, 19.2578,  0.2969,  21.1, 808.1
  969,   422, 19.2568,  0.3020,  21.1, 808.1
  970,   422, 19.2576,  0.2983,  21.1, 808.1
  971,   423, 19.2572,  0.3006,  21.2, 808.2
  972,   423, 19.2887,  0.1720,  21.2, 808.2
  973,   423, 19.3246,  0.0103,  21.2, 808.2
  974,   424, 19.3144,  0.0768,  21.2, 808.2
  975,   424, 19.2692,  0.2514,  21.2, 808.2
  976,   424, 19.2725,  0.2360,  21.2, 808.2
  977,   425, 19.2747,  0.2265,  21.1, 808.1
  978,   425, 19.2809,  0.2006,  21.1, 808.1
  979,   425, 19.2839,  0.1874,  21.1, 808.1
  980,   426, 19.2873,  0.1733,  21.2, 808.2
  981,   426, 19.3146,  0.0633,  21.2, 808.2
  982,   426, 19.3259,  0.0104,  21.2, 808.2
  983,   427, 19.3214,  0.0500,  21.2, 808.2
  984,   427, 19.2991,  0.1249,  21.2, 808.2
  985,   427, 19.3006,  0.1167,  21.2, 808.2
  986,   428, 19.3026,  0.1084,  21.1, 808.1
  987,   428, 19.3048,  0.1003,  21.1, 808.1
  988,   428, 19.3046,  0.0998,  21.1, 808.1
  989,   429, 19.3046,  0.1004,  21.2, 808.2
  990,   429, 19.3218,  0.0339,  21.2, 808.2
  991,   429, 19.3257,  0.0105,  21.2, 808.2
  992,   430, 19.3259,  0.0231,  21.2, 808.2
  993,   430, 19.3013,  0.1144,  21.2, 808.2
  994,   430, 19.2998,  0.1203,  21.2, 808.2
  995,   431, 19.2980,  0.1272,  21.2, 808.2
  996,   431, 19.2967,  0.1348,  21.2, 808.2
  997,   431, 19.2945,  0.1434,  21.2, 808.2
  998,   432, 19.2939,  0.1453,  21.2, 808.2
  999,   432, 19.3024,  0.1140,  21.2, 808.2
 1000,   432, 19.3253,  0.0104,  21.2, 808.2
 1001,   433, 19.3259,  0.0105,  21.1, 808.1
 1002,   433, 19.2853,  0.1849,  21.1, 808.1
 1003,   433, 19.2815,  0.1972,  21.1, 808.1
 1004,   434, 19.2805,  0.2025,  21.2, 808.2
 1005,   434, 19.2791,  0.2079,  21.2, 808.2
 1006,   434, 19.2793,  0.2057,  21.2, 808.2
 1007,   435, 19.2787,  0.2102,  21.2, 808.2
 1008,   435, 19.2811,  0.2001,  21.2, 808.2
 1009,   435, 19.3246,  0.0103,  21.2, 808.2
 1010,   436, 19.3259,  0.0103,  21.1, 808.1
 1011,   436, 19.2809,  0.2061,  21.1, 808.1
 1012,   436, 19.2791,  0.2081,  21.1, 808.1
 1013,   437, 19.2801,  0.2022,  21.1, 808.1
 1014,   437, 19.2801,  0.2030,  21.1, 808.1
 1015,   437, 19.2801,  0.2038,  21.1, 808.1
 1016,   438, 19.2817,  0.1970,  21.2, 808.2
 1017,   438, 19.2817,  0.1970,  21.2, 808.2
 1018,   438, 19.3247,  0.0103,  21.2, 808.2
 1019,   439, 19.3259,  0.0103,  21.1, 808.1
 1020,   439, 19.2855,  0.1875,  21.1, 808.1
 1021,   439, 19.2843,  0.1865,  21.1, 808.1
 1022,   440, 19.2843,  0.1858,  21.1, 808.1
 1023,   440, 19.2865,  0.1770,  21.1, 808.1
